{
  "cli": {
    "version": ">= 16.28.0",
    "appVersionSource": "remote"
  },
  "build": {
    "development": {
      "developmentClient": true,
      "distribution": "internal",
      "env": {
        "API_URL": "https://solartech-backend-production.up.railway.app/api"
      }
    },
    "preview": {
      "distribution": "internal",
      "env": {
        "API_URL": "https://solartech-backend-production.up.railway.app/api"
      }
    },
    "production": {
      "autoIncrement": true,
      "env": {
        "API_URL": "https://solartech-backend-production.up.railway.app/api"
      }
    }
  },
  "submit": {
    "production": {}
  }
}
